{
  "serial": "405622072966",
  "color_intrinsics": {
    "width": 640,
    "height": 480,
    "fx": 603.6439208984375,
    "fy": 603.034912109375,
    "cx": 324.793212890625,
    "cy": 250.7970733642578,
    "coeffs": [
      0.0,
      0.0,
      0.0,
      0.0,
      0.0
    ],
    "K": [
      [
        603.6439208984375,
        0.0,
        324.793212890625
      ],
      [
        0.0,
        603.034912109375,
        250.7970733642578
      ],
      [
        0.0,
        0.0,
        1.0
      ]
    ]
  },
  "depth_intrinsics": {
    "width": 640,
    "height": 480,
    "fx": 387.48333740234375,
    "fy": 387.48333740234375,
    "cx": 320.2170104980469,
    "cy": 235.72181701660156,
    "coeffs": [
      0.0,
      0.0,
      0.0,
      0.0,
      0.0
    ],
    "K": [
      [
        387.48333740234375,
        0.0,
        320.2170104980469
      ],
      [
        0.0,
        387.48333740234375,
        235.72181701660156
      ],
      [
        0.0,
        0.0,
        1.0
      ]
    ]
  },
  "extrinsics_depth_to_color": {
    "R": [
      [
        0.9999887943267822,
        0.0037321471609175205,
        0.002909279428422451
      ],
      [
        -0.0037294744979590178,
        0.9999926090240479,
        -0.0009235202451236546
      ],
      [
        -0.002912704600021243,
        0.0009126598015427589,
        0.9999953508377075
      ]
    ],
    "t": [
      0.014808407053351402,
      6.009683420415968e-05,
      0.00015995178546290845
    ],
    "T": [
      [
        0.9999887943267822,
        0.0037321471609175205,
        0.002909279428422451,
        0.014808407053351402
      ],
      [
        -0.0037294744979590178,
        0.9999926090240479,
        -0.0009235202451236546,
        6.009683420415968e-05
      ],
      [
        -0.002912704600021243,
        0.0009126598015427589,
        0.9999953508377075,
        0.00015995178546290845
      ],
      [
        0.0,
        0.0,
        0.0,
        1.0
      ]
    ]
  },
  "depth_scale_m_per_unit": 0.0010000000474974513
}